nombre,apellido,area,rol
Sofía,González,Design,Diseñadora UX
Martín,Rodríguez,Data & AI,ML Engineer
Valentina,López,Delivery,Project Manager
Tomás,Fernández,Engineering,Tech Lead
Camila,Martínez,Quality,QA Analyst
Lucas,Sánchez,Sales,Account Manager
Agustina,Romero,People Experience,HR Business Partner
Nicolás,Díaz,Engineering,DevOps Engineer
Julieta,Álvarez,Engineering,Frontend Developer
Facundo,Torres,Data & AI,Data Engineer
Milagros,Ruiz,Marketing,Content Specialist
Joaquín,Acosta,Engineering,Backend Developer
